{"Brush0":[[1.0,0.0,1.0,1.0],[1],[0]],"Brush0_object0":[[0.8999999761581421,1.100000023841858],[-3.0,3.0],[-3.0,3.0],[2.0],[1],[0],["Assets/Tree.obj"]],"Brush0_object1":[[0.8999999761581421,1.100000023841858],[-3.0,3.0],[-3.0,3.0],[2.0],[1],[0],["Assets/Grass.obj"]],"Brush1":[[0.4255661964416504,0.8441558480262756,0.1863720864057541,1.0],[0],[1]],"Brush1_object0":[[0.8999999761581421,1.100000023841858],[-3.0,3.0],[-3.0,3.0],[2.0],[1],[0],["Assets/Bush.obj"]]}
