{"Brush0":[[1.0,0.0,1.0,1.0],[0],[0]],"Brush0_object0":[[0.8999999761581421,1.100000023841858],[-3.0,3.0],[-3.0,3.0],[2.0],[1],[0],["Assets/Tree.obj"]]}
