{"item0":{"float":0.0,"int":0,"string":"Pekka0"},"item1":{"float":1.5460000038146973,"int":1,"string":"Pekka1"},"item2":{"float":3.0920000076293945,"int":2,"string":"Pekka2"},"item3":{"float":4.638000011444092,"int":3,"string":"Pekka3"},"item4":{"float":6.184000015258789,"int":4,"string":"Pekka4"}}
