{"Brush0":[[0.0,0.0,0.0,1.0],[-1],[0],[true]],"Brush1":[[1.0,0.0,1.0,1.0],[0],[1],[true]],"Brush1Property0":[[0.8999999761581421,1.100000023841858],[-3.0,3.0],[-3.0,3.0],[2.7920000553131104],[1],[0],["Assets/Tree.obj"]],"Brush2":[[0.9541283845901489,1.0,0.0,1.0],[0],[2],[true]],"Brush2Property0":[[0.8999999761581421,1.100000023841858],[-3.0,3.0],[-3.0,3.0],[0.8820000290870667],[3],[0],["Assets/Grass.obj"]],"Brush3":[[0.0,0.8623852729797363,1.0,1.0],[0],[3],[true]],"Brush3Property0":[[0.8999999761581421,1.100000023841858],[-3.0,3.0],[-3.0,3.0],[1.9670000076293945],[1],[0],["Assets/Bush.obj"]]}
