{"Brush0":[[0.0,0.0,0.0,1.0],[-1],[0],[true],["Eraser"]],"Brush1":[[0.2209821343421936,0.7857142686843872,0.3319116532802582,1.0],[2],[1],[true],["Forest"]],"Brush1Property0":[[0.8999999761581421,1.100000023841858],[-3.0,3.0],[-3.0,3.0],[3.315000057220459],[1],[0],["Tree.obj"]],"Brush1Property1":[[0.8999999761581421,1.100000023841858],[-3.0,3.0],[-3.0,3.0],[3.611999988555908],[1],[0],["Bush.obj"]],"Brush1Property2":[[0.8999999761581421,1.100000023841858],[-3.0,3.0],[-3.0,3.0],[0.8190000057220459],[3],[1],["Grass.obj"]],"Brush2":[[0.112444207072258,0.6999949812889099,0.8125,1.0],[0],[2],[true],["Meddow"]],"Brush2Property0":[[0.8999999761581421,1.100000023841858],[-3.0,3.0],[-3.0,3.0],[0.6919999718666077],[1],[0],["Grass.obj"]]}
