{"Brush0":[[0.0,0.0,0.0,1.0],[-1],[0],[true],["Eraser"]],"Brush1":[[0.03583386912941933,0.2589285969734192,0.061728741973638535,1.0],[2],[1],[true],["forest"]],"Brush1Property0":[[0.8999999761581421,1.100000023841858],[-3.0,3.0],[-3.0,3.0],[2.0],[1],[0],["Tree.obj"]],"Brush1Property1":[[0.8999999761581421,1.100000023841858],[-3.0,3.0],[-3.0,3.0],[5.684999942779541],[1],[1],["Bush.obj"]],"Brush1Property2":[[0.8999999761581421,1.100000023841858],[-3.0,3.0],[-3.0,3.0],[0.9039999842643738],[3],[2],["Grass.obj"]],"Brush2":[[0.2358497977256775,0.8660714626312256,0.8660714626312256,1.0],[0],[2],[true],["meddow"]],"Brush2Property0":[[0.8999999761581421,1.100000023841858],[-3.0,3.0],[-3.0,3.0],[0.8190000057220459],[4],[0],["Grass.obj"]]}
