{"Brush0":[[0.0,0.0,0.0,1.0],[-1],[0],[true],["Eraser"]],"Brush1":[[0.5631065368652344,0.0,1.0,1.0],[7],[1],[true],["Forest"]],"Brush1Property0":[[0.9869999885559082,1.00600004196167],[-3.066999912261963,3.0],[-3.0,3.0],[0.0,2.384000062942505],[-360.0,360.0],[0.0,2.384000062942505],[7.765999794006348],[1],[0],["Tree_Tall.obj"]],"Brush1Property1":[[0.9990000128746033,1.0190000534057617],[-3.0,3.0],[-3.0,3.0],[0.0,2.384000062942505],[-360.0,360.0],[0.0,2.384000062942505],[5.809999942779541],[1],[0],["Tree_Mid.obj"]],"Brush1Property2":[[0.9869999885559082,1.031000018119812],[-3.0,3.0],[-3.0,3.0],[-4.800000190734863,2.384000062942505],[-360.0,360.0],[-4.800000190734863,2.384000062942505],[4.940999984741211],[1],[0],["Tree_Pine_Tall.obj"]],"Brush1Property3":[[0.9359999895095825,1.069000005722046],[-3.0,3.0],[-3.0,3.0],[0.0,2.384000062942505],[-360.0,360.0],[0.0,2.384000062942505],[3.8550000190734863],[1],[0],["Tree_Small2.obj"]],"Brush1Property4":[[0.9739999771118164,1.0440000295639038],[-3.0,3.0],[-3.0,3.0],[0.0,2.384000062942505],[-360.0,360.0],[0.0,2.384000062942505],[3.5139999389648438],[1],[0],["Tree_Small1.obj"]],"Brush1Property5":[[0.9869999885559082,1.0190000534057617],[-3.0,3.0],[-3.0,3.0],[0.0,2.384000062942505],[-360.0,360.0],[0.0,2.384000062942505],[6.554999828338623],[1],[1],["Tree_Mini.obj"]],"Brush1Property6":[[0.9990000128746033,1.0190000534057617],[-3.0,3.0],[-3.0,3.0],[0.0,2.384000062942505],[-360.0,360.0],[0.0,2.384000062942505],[3.328000068664551],[1],[1],["Grass_Plane2.obj"]],"Brush1Property7":[[0.8349999785423279,1.7860000133514404],[-3.0,3.0],[-3.0,3.0],[0.0,2.384000062942505],[-38.400001525878906,30.993000030517578],[0.0,2.384000062942505],[0.9380000233650208],[4],[2],["Grass_Patch_Small.obj"]],"Brush2":[[0.42718446254730225,1.0,0.0,1.0],[0],[2],[true],["Meddow"]],"Brush2Property0":[[0.9229999780654907,1.100000023841858],[-3.0,3.0],[-3.0,3.0],[0.0,2.384000062942505],[-360.0,360.0],[0.0,2.384000062942505],[0.9070000052452087],[3],[0],["Grass_Patch_Small.obj"]],"Brush2Property1":[[0.9990000128746033,1.1950000524520874],[-3.0,3.0],[-3.0,3.0],[0.0,2.384000062942505],[-19.200000762939453,16.68899917602539],[0.0,2.384000062942505],[1.062000036239624],[1],[0],["Grass_Patch_Large.obj"]],"Brush2Property2":[[1.468000054359436,1.8359999656677246],[-3.0,3.0],[-3.0,3.0],[-10.0,10.0],[-10.0,10.0],[-10.0,10.0],[2.861999988555908],[1],[1],["Grass_Bush.obj"]],"Brush2Property3":[[0.8999999761581421,1.100000023841858],[-3.0,3.0],[-3.0,3.0],[-10.0,10.0],[-360.0,360.0],[-10.0,10.0],[6.244999885559082],[1],[2],["Tree_Mini.obj"]],"Brush2Property4":[[0.8999999761581421,1.100000023841858],[-3.0,3.0],[-3.0,3.0],[-10.0,10.0],[-360.0,360.0],[-10.0,10.0],[5.0970001220703125],[1],[2],["Tree_Small1.obj"]],"Brush2Property5":[[0.8999999761581421,1.100000023841858],[-3.0,3.0],[-3.0,3.0],[-10.0,10.0],[-360.0,360.0],[-10.0,10.0],[4.909999847412109],[1],[2],["Tree_Small2.obj"]],"Brush2Property6":[[0.8999999761581421,1.100000023841858],[-3.0,3.0],[-3.0,3.0],[0.0,2.384000062942505],[-360.0,360.0],[0.0,2.384000062942505],[4.289999961853027],[1],[2],["Tree_Mid.obj"]]}
