{"Brush0":[[0.934272289276123,0.4342392385005951,0.47649577260017395,1.0],[0],[0]],"Brush0_object0":[[0.8999999761581421,1.100000023841858],[-3.0,3.0],[-3.0,3.0],[6.22599983215332],[1],[0],["Assets/Tree.obj"]],"Brush1":[[0.4176081717014313,0.7136150598526001,0.2010183185338974,1.0],[0],[1]],"Brush1_object0":[[0.8999999761581421,1.100000023841858],[-3.0,3.0],[-3.0,3.0],[2.0],[1],[0],["Assets/Grass.obj"]]}
