{"Brush0":[[0.0,0.0,0.0,1.0],[-1],[0],[true],["Eraser"]],"Brush1":[[0.36596307158470154,0.8031914830207825,0.24779313802719116,1.0],[2],[1],[true],["Forest"]],"Brush1Property0":[[0.8999999761581421,1.100000023841858],[-3.0,3.0],[-3.0,3.0],[-7.826000213623047,7.826000213623047],[-360.0,360.0],[-7.826000213623047,7.826000213623047],[2.8440001010894775],[1],[0],["Tree.obj"]],"Brush1Property1":[[0.8999999761581421,1.100000023841858],[-3.0,3.0],[-3.0,3.0],[-10.0,10.0],[-360.0,360.0],[-10.0,10.0],[1.9470000267028809],[1],[0],["Bush.obj"]],"Brush1Property2":[[0.8999999761581421,1.100000023841858],[-3.0,3.0],[-3.0,3.0],[-10.0,10.0],[-360.0,360.0],[-10.0,10.0],[2.177000045776367],[2],[1],["Grass.obj"]],"Brush2":[[0.12987354397773743,0.8005319237709045,0.714915931224823,1.0],[0],[2],[true],["Meddow"]],"Brush2Property0":[[0.8999999761581421,1.100000023841858],[-3.0,3.0],[-3.0,3.0],[-11.73900032043457,11.73900032043457],[-360.0,360.0],[-11.73900032043457,11.73900032043457],[0.8180000185966492],[2],[0],["Grass.obj"]]}
