{"Brush0":[[0.0,0.0,0.0,1.0],[-1],[0]],"Brush1":[[1.0,0.0,1.0,1.0],[1],[1]],"Brush1Property0":[[0.8999999761581421,1.100000023841858],[-3.0,3.0],[-3.0,3.0],[3.1630001068115234],[1],[0],["Assets/Tree.obj"]],"Brush1Property1":[[0.8999999761581421,1.100000023841858],[-3.0,3.0],[-3.0,3.0],[1.3869999647140503],[3],[1],["Assets/Grass.obj"]],"Brush2":[[0.32523947954177856,0.737089216709137,0.28722256422042847,1.0],[0],[2]],"Brush2Property0":[[0.8999999761581421,1.100000023841858],[-3.0,3.0],[-3.0,3.0],[0.722000002861023],[4],[0],["Assets/Grass.obj"]]}
